Symbol,Entry,Exit,Entry_Price,Exit_Price,Type,PnL,PnL_%,Reason
QUAL3<XBSP>,2023-01-03,2023-01-04,5.823149621,5.921182443,short,-215488.2007931061,-1.6835016851784932,Above VWAP (Short)
CVCB3<XBSP>,2023-01-03,2023-01-04,3.98,4.25,short,-694673.2799999993,-6.783919597989943,Stop Loss (Short)
GOAU4<XBSP>,2023-01-03,2023-01-04,10.38061712,10.46899699,short,-69746.12334881071,-0.8513932165913553,Above VWAP (Short)
BBDC4<XBSP>,2023-01-03,2023-01-05,10.7889407,11.2898558,short,-742857.0932999998,-4.642857106444193,Stop Loss (Short)
IRBR3<XBSP>,2023-01-04,2023-01-05,29.1,27.9,long,-527834.4000000022,-4.123711340206203,Stop Loss
CPLE3<XBSP>,2023-01-04,2023-01-05,5.814988743,5.875924254,short,-107305.42399913631,-1.047904195401116,Above VWAP (Short)
NATU3<XBSP>,2023-01-04,2023-01-05,10.57909899,11.23189275,long,505495.4176123189,6.17059884416488,Take Profit
PORT3<XBSP>,2023-01-03,2023-01-06,8.892214004,8.994033249,short,-229007.5694457069,-1.1450381755791876,Above VWAP (Short)
SBFG3<XBSP>,2023-01-05,2023-01-06,10.4142082,11.08579583,short,-1031513.6033087932,-6.448763238668516,Stop Loss (Short)
TEND3<XBSP>,2023-01-05,2023-01-09,4.491428969,4.375020443,long,-331656.8540305011,-2.5917926522595685,Below VWAP
RAIZ4<XBSP>,2023-01-05,2023-01-10,2.962259702,3.072312694,short,-380327.1826681588,-3.715170277801647,Stop Loss (Short)
ENGI11<XBSP>,2023-01-05,2023-01-11,35.80141492,36.80575933,short,-229746.79682072997,-2.8053204384359005,Above VWAP (Short)
BPAN4<XBSP>,2023-01-11,2023-01-12,5.552160371,5.439235075,long,-213635.12395579368,-2.033898310823862,Below VWAP
CMIN3<XBSP>,2023-01-06,2023-01-13,3.071421319,3.271420846,long,716324.9058875889,6.511627882595921,Take Profit
AMER3<XBSP>,2023-01-12,2023-01-13,272.0,315.0,short,-1653737.0,-15.808823529411764,Stop Loss (Short)
SRNA3<XBSP>,2023-01-09,2023-01-16,8.87,8.95,long,101858.08000000007,0.9019165727170243,Below VWAP
AMER3<XBSP>,2023-01-13,2023-01-16,315.0,194.0,short,4918408.0,38.41269841269842,Take Profit (Short)
CAML3<XBSP>,2023-01-13,2023-01-17,6.392822063,6.685826408,short,-469497.56324116513,-4.583333340307303,Stop Loss (Short)
CEAB3<XBSP>,2023-01-16,2023-01-17,2.586598796,2.491152346,long,-480987.78146815114,-3.6900368989424144,Stop Loss
AMER3<XBSP>,2023-01-16,2023-01-18,194.0,174.0,short,1075020.0,10.309278350515463,Take Profit (Short)
PORT3<XBSP>,2023-01-17,2023-01-20,8.739485138,8.909183878,short,-250519.2922136616,-1.9417475665944786,Above VWAP (Short)
HBSA3<XBSP>,2023-01-17,2023-01-20,1.915896986,2.019205157,short,-556546.014446212,-5.392156872467683,Stop Loss (Short)
AMER3<XBSP>,2023-01-20,2023-01-23,71.0,80.0,short,-1637586.0,-12.676056338028168,Stop Loss (Short)
PCAR3<XBSP>,2023-01-10,2023-01-24,7.608311782,8.341393538,long,1067804.6865443308,9.63527490729742,Take Profit
TAEE11<XBSP>,2023-01-06,2023-01-26,27.61925081,29.2798822,long,826783.5320334695,6.012586660745846,Take Profit
OIBR3<XBSP>,2023-01-26,2023-01-27,22.78834505,21.10398911,long,-872518.273547221,-7.391304354503802,Stop Loss
KLBN4<XBSP>,2023-01-20,2023-01-30,3.023886481,3.039236159,short,-52461.97597162053,-0.507614227466767,Above VWAP (Short)
RECV3<XBSP>,2023-01-23,2023-01-30,25.69345236,24.92187722,long,-325877.84667956084,-3.003002979861138,Stop Loss
INTB3<XBSP>,2023-01-24,2023-01-30,28.51419428,28.01717475,long,-193678.57045040093,-1.7430600532472855,Below VWAP
NATU3<XBSP>,2023-01-30,2023-01-31,13.10387488,13.96786663,long,1032517.6607962493,6.5934065908907655,Take Profit
AMER3<XBSP>,2023-01-30,2023-01-31,145.0,175.0,short,-2073570.0,-20.689655172413794,Stop Loss (Short)
ISAE4<XBSP>,2023-01-18,2023-02-01,18.82498192,18.51314699,long,-171325.54072622955,-1.6564952429978175,Below VWAP
LIGT3<XBSP>,2023-01-31,2023-02-01,3.81,3.46,short,981894.9000000004,9.18635170603675,Take Profit (Short)
LIGT3<XBSP>,2023-02-01,2023-02-03,3.46,3.16,short,882512.6999999993,8.670520231213864,Take Profit (Short)
LIGT3<XBSP>,2023-02-03,2023-02-07,3.16,2.66,short,1610492.5,15.822784810126583,Take Profit (Short)
RAIZ4<XBSP>,2023-02-01,2023-02-08,2.88889104,3.02645728,short,-605852.0384279992,-4.761904761904756,Stop Loss (Short)
LIGT3<XBSP>,2023-02-07,2023-02-08,2.66,2.83,short,-650493.6099999994,-6.390977443609016,Stop Loss (Short)
PSSA3<XBSP>,2023-01-30,2023-02-10,21.6220067,23.09820796,long,855316.9148490392,6.827309233975949,Take Profit
TTEN3<XBSP>,2023-02-08,2023-02-10,10.28850979,11.93080712,long,2030882.943548629,15.962441242912002,Take Profit
ASAI3<XBSP>,2023-01-31,2023-02-14,19.22095127,18.04715272,short,815924.9790832493,6.106870224638986,Take Profit (Short)
ALPA4<XBSP>,2023-02-10,2023-02-15,9.422619073,9.87506216,short,-661192.1833662353,-4.80167014600486,Stop Loss (Short)
SLCE3<XBSP>,2023-01-27,2023-02-22,20.07476813,19.8093232,long,-153783.3966360595,-1.3222814245277121,Below VWAP
ARML3<XBSP>,2023-02-15,2023-02-22,12.12268966,13.02199898,long,885904.2152760774,7.418397609957436,Take Profit
ODPV3<XBSP>,2023-02-22,2023-02-23,10.94596302,10.15439959,long,-833911.2819415703,-7.231555858115811,Stop Loss
ITUB4<XBSP>,2023-02-08,2023-02-24,20.0580342,19.37132197,long,-348467.3141278904,-3.4236267779421814,Stop Loss
ARML3<XBSP>,2023-02-22,2023-02-24,13.02199898,12.50939267,long,-567419.8153346088,-3.9364640619868863,Stop Loss
BBAS3<XBSP>,2023-02-14,2023-02-27,16.40719689,16.08240567,long,-227352.55483512022,-1.9795655661202973,Below VWAP
GFSA3<XBSP>,2023-02-27,2023-03-01,144.4443813,131.4988943,short,994886.5669240002,8.962264148657475,Take Profit (Short)
ZAMP3<XBSP>,2023-02-23,2023-03-02,4.684807199,5.06197388,short,-914961.1081042811,-8.050847451748046,Stop Loss (Short)
HAPV3<XBSP>,2023-03-01,2023-03-03,45.3,40.2,short,1249770.299999997,11.25827814569534,Take Profit (Short)
ZAMP3<XBSP>,2023-03-02,2023-03-03,5.06197388,4.813837906,long,-546750.2491908204,-4.901960774242481,Stop Loss
MDIA3<XBSP>,2023-03-03,2023-03-07,29.09940084,30.26755564,short,-425988.6746063996,-4.014360317667622,Stop Loss (Short)
TTEN3<XBSP>,2023-02-10,2023-03-08,11.93080712,12.74789946,long,754443.4190151785,6.84859231887405,Take Profit
BEEF3<XBSP>,2023-02-24,2023-03-08,9.618959532,9.927901809,short,-444102.6695338376,-3.21180555934581,Stop Loss (Short)
FESA4<XBSP>,2023-03-07,2023-03-09,10.55536893,11.0269491,short,-474093.69230609946,-4.467680600530175,Stop Loss (Short)
ISAE4<XBSP>,2023-02-24,2023-03-10,17.93050806,17.99615752,short,-40500.72746104002,-0.366132737456855,Above VWAP (Short)
HAPV3<XBSP>,2023-03-09,2023-03-10,29.1,37.05,short,-2959252.3499999978,-27.319587628865953,Stop Loss (Short)
SIMH3<XBSP>,2023-03-08,2023-03-14,8.085185696,7.632730049,long,-609251.889189614,-5.596107053222581,Stop Loss
NATU3<XBSP>,2023-03-14,2023-03-15,11.73108799,12.50868056,short,-689622.7449633293,-6.628477858684947,Stop Loss (Short)
GGPS3<XBSP>,2023-03-03,2023-03-16,11.74351294,11.53682711,long,-233455.7787015997,-1.7600000192106033,Below VWAP
RECV3<XBSP>,2023-03-15,2023-03-16,17.13668399,15.99475278,short,693283.5665591508,6.663664981313583,Take Profit (Short)
ECOR3<XBSP>,2023-03-08,2023-03-17,4.141810644,4.749276205,long,1995962.9580200408,14.666666663769373,Take Profit
EMBJ3<XBSP>,2023-03-10,2023-03-17,18.98044238,20.14923805,long,642605.0281616691,6.157894777160607,Take Profit
PLPL3<XBSP>,2023-03-16,2023-03-17,4.04196973,4.32827592,long,921552.9162677303,7.083333352919495,Take Profit
AZZA3<XBSP>,2023-03-10,2023-03-20,64.92645168,60.44681003,short,900000.3242598511,6.8995633275611725,Take Profit (Short)
MDIA3<XBSP>,2023-03-20,2023-03-21,23.74230214,25.11205034,short,-636401.4506984018,-5.769230767610828,Stop Loss (Short)
JHSF3<XBSP>,2023-03-17,2023-03-22,3.134156999,2.932213894,short,1059885.462233778,6.443298949747336,Take Profit (Short)
PLPL3<XBSP>,2023-03-17,2023-03-22,4.32827592,4.597740568,long,655416.7076132149,6.225680917310824,Take Profit
VIVA3<XBSP>,2023-03-21,2023-03-22,20.49661925,20.4685801,long,-15090.221903597936,-0.13679890160420563,Below VWAP
POSI3<XBSP>,2023-03-22,2023-03-23,6.353845891,6.116001392,long,-495748.0895121638,-3.7433155144177914,Stop Loss
MYPK3<XBSP>,2023-03-22,2023-03-24,10.00017855,10.6870033,long,727666.783758752,6.868124869630472,Take Profit
ENGI11<XBSP>,2023-03-17,2023-03-27,32.39010718,33.95566376,short,-636057.4584355596,-4.833440566589688,Stop Loss (Short)
VBBR3<XBSP>,2023-03-22,2023-03-29,11.38071682,11.82467577,short,-645784.464505801,-3.900975281449808,Stop Loss (Short)
CMIG4<XBSP>,2023-03-27,2023-03-30,5.89488682,6.254614811,long,701759.882938737,6.1023731580312175,Take Profit
LIGT3<XBSP>,2023-03-29,2023-03-30,1.95,2.05,short,-641575.2999999989,-5.12820512820512,Stop Loss (Short)
ANIM3<XBSP>,2023-03-30,2023-04-05,2.166452791,1.976564499,short,1310448.5357772615,8.764940218815052,Take Profit (Short)
ALPA4<XBSP>,2023-04-05,2023-04-06,7.022703568,7.376789462,short,-633219.9482157603,-5.0420168040901565,Stop Loss (Short)
RECV3<XBSP>,2023-03-16,2023-04-11,15.99475278,16.57343414,short,-376560.11326055974,-3.6179450095883228,Stop Loss (Short)
COGN3<XBSP>,2023-03-24,2023-04-11,1.801212393,1.918047791,short,-719017.6575149857,-6.4864864606780595,Stop Loss (Short)
ZAMP3<XBSP>,2023-04-06,2023-04-11,3.870921203,4.18853525,short,-1030470.8254553638,-8.205128194132346,Stop Loss (Short)
SMFT3<XBSP>,2023-03-23,2023-04-12,13.01986922,13.4535506,short,-367248.33148607984,-3.3309196326935133,Stop Loss (Short)
VVEO3<XBSP>,2023-04-11,2023-04-12,15.56659545,16.4227582,short,-927160.0460437499,-5.500000001606002,Stop Loss (Short)
MOTV3<XBSP>,2023-03-30,2023-04-13,11.54088839,12.53275591,long,1027957.6115827225,8.594377542542048,Take Profit
SAPR11<XBSP>,2023-04-11,2023-04-13,15.72166306,16.86598835,long,785277.2097084392,7.2786529366060515,Take Profit
AMER3<XBSP>,2023-04-12,2023-04-13,120.0,115.0,long,-473585.0,-4.166666666666666,Stop Loss
MRVE3<XBSP>,2023-04-13,2023-04-17,7.64,7.34,long,-508395.5999999996,-3.9267015706806254,Stop Loss
FLRY3<XBSP>,2023-04-11,2023-04-18,12.07259813,11.98951073,long,-92814.60809280165,-0.6882313078369774,Below VWAP
NEOE3<XBSP>,2023-04-18,2023-04-19,13.13484608,13.04722202,long,-75368.69609622099,-0.6671114337108481,Below VWAP
IRBR3<XBSP>,2023-04-13,2023-04-20,24.45,26.0,long,1025974.4500000011,6.339468302658494,Take Profit
ORVR3<XBSP>,2023-04-19,2023-04-20,33.6,35.65,short,-688377.6999999993,-6.101190476190469,Stop Loss (Short)
BEEF3<XBSP>,2023-04-13,2023-04-25,7.848803785,7.334340663,short,678913.8312629107,6.554669171157022,Take Profit (Short)
SRNA3<XBSP>,2023-04-20,2023-04-26,8.61,8.88,short,-369399.4200000018,-3.1358885017421763,Stop Loss (Short)
BRAV3<XBSP>,2023-04-17,2023-04-27,26.96210254,30.08668568,short,-1248567.7998283003,-11.588796294222538,Stop Loss (Short)
BBAS3<XBSP>,2023-04-12,2023-05-02,17.36637174,17.00863749,long,-292665.60953325033,-2.059925097514931,Below VWAP
IFCM3<XBSP>,2023-04-26,2023-05-02,394.6376565,335.9312283,short,1718454.5662703998,14.876033047799126,Take Profit (Short)
KEPL3<XBSP>,2023-04-27,2023-05-03,6.099079379,5.719947418,short,708439.5370812621,6.2162162097021545,Take Profit (Short)
VBBR3<XBSP>,2023-05-02,2023-05-04,10.52694962,11.20996338,short,-737617.2950432003,-6.488240037763192,Stop Loss (Short)
BEEF3<XBSP>,2023-04-25,2023-05-05,7.334340663,7.655869815,short,-503942.28580415994,-4.3838862519986,Stop Loss (Short)
BRKM5<XBSP>,2023-05-05,2023-05-08,23.76,25.3,long,738725.6799999997,6.481481481481478,Take Profit
NEOE3<XBSP>,2023-04-20,2023-05-10,13.31009419,14.15808726,long,938116.0774934627,6.371052359923252,Take Profit
YDUQ3<XBSP>,2023-05-10,2023-05-11,10.62074053,11.47860543,long,999055.7367016003,8.077260691726929,Take Profit
EMBJ3<XBSP>,2023-05-04,2023-05-12,16.90258343,17.53193494,short,-423463.5689640697,-3.723404251228119,Stop Loss (Short)
BRKM5<XBSP>,2023-05-08,2023-05-12,25.3,24.32,long,-447206.33999999985,-3.8735177865612633,Stop Loss
YDUQ3<XBSP>,2023-05-11,2023-05-16,11.47860543,11.0589976,long,-459451.2718898207,-3.6555645418678764,Stop Loss
ZAMP3<XBSP>,2023-05-12,2023-05-16,4.128982616,3.771666813,short,1007242.1621821392,8.653846146394145,Take Profit (Short)
VULC3<XBSP>,2023-05-03,2023-05-17,8.772819091,9.355195499,long,755063.2428765688,6.6384180724467265,Take Profit
AMBP3<XBSP>,2023-05-16,2023-05-17,1.9,1.963,short,-372988.2240000013,-3.3157894736842226,Stop Loss (Short)
POSI3<XBSP>,2023-05-12,2023-05-18,5.791535616,6.028669358,short,-595709.1273542661,-4.094488193163864,Stop Loss (Short)
ONCO3<XBSP>,2023-05-17,2023-05-19,9.479635512,10.45165905,long,1402176.0303417537,10.253807087514526,Take Profit
ZAMP3<XBSP>,2023-05-16,2023-05-23,3.771666813,3.890772081,short,-444033.4911043681,-3.1578947427029798,Stop Loss (Short)
MILS3<XBSP>,2023-05-17,2023-05-23,9.113542764,9.745174441,long,758200.5589639675,6.9306930724574975,Take Profit
USIM5<XBSP>,2023-05-23,2023-05-24,7.240282202,7.143616218,long,-160507.67980902456,-1.3351134845724393,Below VWAP
LJQQ3<XBSP>,2023-05-18,2023-05-25,3.837817802,4.389956684,long,1677731.9675396122,14.38679245565709,Take Profit
SMFT3<XBSP>,2023-05-24,2023-05-25,15.90479318,16.92300163,long,767582.5492832009,6.401896827431748,Take Profit
IFCM3<XBSP>,2023-05-25,2023-05-26,437.0367436,515.3119812,long,2122198.241811199,17.910447747533503,Take Profit
PORT3<XBSP>,2023-05-02,2023-05-29,8.859629357,9.489958718,long,1011035.05812742,7.114624501779828,Take Profit
IFCM3<XBSP>,2023-05-26,2023-05-29,515.3119812,600.1101553,long,2019638.1125396993,16.455696198355724,Take Profit
PRIO3<XBSP>,2023-05-25,2023-05-30,35.5728634,34.07526882,long,-623545.9673017021,-4.209935430724998,Stop Loss
IFCM3<XBSP>,2023-05-29,2023-05-30,600.1101553,512.050513,long,-2306986.5089753997,-14.673913034512514,Stop Loss
OIBR3<XBSP>,2023-05-23,2023-05-31,10.60153444,9.907976109,short,983109.2243758664,6.5420561044746295,Take Profit (Short)
MYPK3<XBSP>,2023-05-29,2023-05-31,11.04141923,11.72298832,long,776383.5292480793,6.172839521826573,Take Profit
IFCM3<XBSP>,2023-05-30,2023-05-31,512.050513,489.2202353,long,-694748.1806886997,-4.4585987359415045,Stop Loss
SEQL3<XBSP>,2023-05-30,2023-05-31,30.5494478,28.28652574,long,-923405.7128815409,-7.407407409832141,Stop Loss
MOTV3<XBSP>,2023-05-31,2023-06-01,12.61473457,12.8843199,short,-286333.5882115811,-2.137067002908814,Above VWAP (Short)
VIVT3<XBSP>,2023-05-31,2023-06-02,17.31411364,17.95469873,short,-774551.9310418852,-3.6997856391567754,Stop Loss (Short)
RADL3<XBSP>,2023-05-31,2023-06-02,27.3077538,26.59445561,long,-437470.77301433124,-2.6120719969285866,Below VWAP
ONCO3<XBSP>,2023-05-19,2023-06-06,10.45165905,9.556627475,long,-1057139.693863999,-8.563535901029983,Stop Loss
CMIG4<XBSP>,2023-05-31,2023-06-06,6.506294617,6.773219524,short,-439743.8364877086,-4.10256409696795,Stop Loss (Short)
PORT3<XBSP>,2023-06-02,2023-06-07,9.489958718,9.279848931,long,-364270.2792589199,-2.214022139016022,Below VWAP
SBFG3<XBSP>,2023-06-06,2023-06-07,11.25727955,12.26874893,long,1073251.9526691586,8.985024983234059,Take Profit
SRNA3<XBSP>,2023-06-02,2023-06-09,9.84,10.64,long,1070105.6000000015,8.130081300813021,Take Profit
GFSA3<XBSP>,2023-06-06,2023-06-12,112.5916698,125.5371568,long,1716726.9220440015,11.497730713999955,Take Profit
CASH3<XBSP>,2023-06-01,2023-06-13,3.80483842,3.678010472,long,-375156.436044259,-3.333333350854875,Stop Loss
ENEV3<XBSP>,2023-06-07,2023-06-13,12.14,11.87,long,-273598.83000000194,-2.2240527182866714,Below VWAP
PORT3<XBSP>,2023-06-12,2023-06-14,10.50548936,11.19710074,long,887426.6184080187,6.583333306046002,Take Profit
SBFG3<XBSP>,2023-06-07,2023-06-16,12.26874893,13.3457765,long,1349912.968383329,8.778625890423198,Take Profit
AMER3<XBSP>,2023-06-13,2023-06-16,123.0,119.0,long,-499688.0,-3.2520325203252036,Stop Loss
NEOE3<XBSP>,2023-06-14,2023-06-16,16.82239013,17.91357219,long,824261.4692110419,6.486486471705686,Take Profit
VAMO3<XBSP>,2023-06-16,2023-06-20,12.1331948,11.2951931,short,1060358.747081399,6.9066862752421905,Take Profit (Short)
HYPE3<XBSP>,2023-06-09,2023-06-21,41.15707719,39.73848684,long,-437323.03309800103,-3.4467713619486093,Stop Loss
IFCM3<XBSP>,2023-06-20,2023-06-21,671.8624565,606.6330918,long,-1252012.426051801,-9.708737862777134,Stop Loss
OIBR3<XBSP>,2023-06-21,2023-06-22,11.79049157,10.7006142,long,-1395422.3109247591,-9.243697461886224,Stop Loss
VIVA3<XBSP>,2023-06-16,2023-06-28,26.52546965,26.0497618,long,-344167.96956510097,-1.7934002914063436,Below VWAP
EMBJ3<XBSP>,2023-06-21,2023-06-29,17.81164672,18.41102911,short,-406396.24497975037,-3.3651149689993436,Stop Loss (Short)
NEOE3<XBSP>,2023-06-16,2023-06-30,17.91357219,19.30482932,long,953890.4085561596,7.766497464847627,Take Profit
ONCO3<XBSP>,2023-06-22,2023-06-30,9.33527558,9.720235398,short,-511402.17998101003,-4.123711343077476,Stop Loss (Short)
VAMO3<XBSP>,2023-06-28,2023-06-30,10.42153175,10.79595804,short,-491875.2053683307,-3.592814367235417,Stop Loss (Short)
PCAR3<XBSP>,2023-06-29,2023-07-04,7.562753029,8.428369339,long,1530046.0772297997,11.445783125281531,Take Profit
TEND3<XBSP>,2023-06-30,2023-07-05,11.15581709,12.14528957,long,1053552.6967497598,8.869565286140775,Take Profit
ARML3<XBSP>,2023-07-05,2023-07-06,13.58343102,13.26307507,long,-296504.808810601,-2.358431750625558,Below VWAP
CSNA3<XBSP>,2023-06-30,2023-07-07,10.45218529,10.96057682,short,-722196.0963330306,-4.86397357006671,Stop Loss (Short)
PCAR3<XBSP>,2023-07-04,2023-07-07,8.428369339,9.169734505,long,1097942.5353516825,8.79606880265121,Take Profit
CURY3<XBSP>,2023-06-30,2023-07-11,13.12267339,12.68116288,long,-624442.8841398284,-3.3644860073744383,Stop Loss
SAPR4<XBSP>,2023-06-13,2023-07-12,3.605007072,3.690352646,long,291012.19168094173,2.3674176581476765,Below VWAP
ODPV3<XBSP>,2023-07-07,2023-07-12,10.56514913,10.18694145,long,-561875.1628076788,-3.5797666019315257,Stop Loss
TTEN3<XBSP>,2023-07-11,2023-07-14,12.66011745,12.55282831,long,-115529.05324113928,-0.84745769874354,Below VWAP
CASH3<XBSP>,2023-07-12,2023-07-14,3.014277548,3.39476139,short,-1661091.6259538718,-12.622720898825488,Stop Loss (Short)
HBSA3<XBSP>,2023-07-07,2023-07-17,3.211944947,3.418561289,long,807740.1421572231,6.432748549846168,Take Profit
VULC3<XBSP>,2023-07-06,2023-07-19,10.75358629,10.69728479,long,-65512.14389249869,-0.5235602196483503,Below VWAP
CASH3<XBSP>,2023-07-14,2023-07-19,3.39476139,3.221429862,long,-809937.1507718656,-5.105853050838437,Stop Loss
LWSA3<XBSP>,2023-07-17,2023-07-20,7.433536308,6.822161912,short,1054809.7477883622,8.224543079745713,Take Profit (Short)
ECOR3<XBSP>,2023-07-19,2023-07-21,7.013466023,7.464463182,long,810759.8477200959,6.43044619480579,Take Profit
WEGE3<XBSP>,2023-07-19,2023-07-24,36.30716336,39.93278248,long,1573805.1219904814,9.985960853098174,Take Profit
OIBR3<XBSP>,2023-07-20,2023-07-24,10.60153444,10.20521539,long,-472954.86837945133,-3.738317809020872,Stop Loss
SRNA3<XBSP>,2023-07-21,2023-07-24,10.5,10.93,short,-524395.75,-4.095238095238096,Stop Loss (Short)
CBAV3<XBSP>,2023-07-14,2023-07-25,4.644781444,5.014366204,short,-1009768.3937291987,-7.956989246015414,Stop Loss (Short)
MDIA3<XBSP>,2023-07-24,2023-07-26,38.66646678,39.99979322,short,-645085.9982214794,-3.448275860285362,Stop Loss (Short)
ITSA4<XBSP>,2023-07-25,2023-07-27,7.324479125,7.199163114,long,-207300.75298046507,-1.7109204471929005,Below VWAP
WEGE3<XBSP>,2023-07-24,2023-07-31,39.93278248,38.37546164,long,-466922.1635321602,-3.8998555654867575,Stop Loss
DIRR3<XBSP>,2023-07-12,2023-08-01,5.500639936,5.882934411,long,1143234.8065306023,6.949999989964819,Take Profit
PORT3<XBSP>,2023-07-31,2023-08-01,11.59105659,11.4509834,long,-154740.1136517115,-1.2084592022512188,Below VWAP
NEOE3<XBSP>,2023-07-26,2023-08-03,19.02722667,17.80859788,short,860437.229755301,6.404657973205306,Take Profit (Short)
IRBR3<XBSP>,2023-07-24,2023-08-07,42.15,39.5,short,940924.9000000004,6.287069988137606,Take Profit (Short)
GMAT3<XBSP>,2023-08-01,2023-08-07,7.404884955,7.499697823,short,-166886.8606804274,-1.28040973730428,Above VWAP (Short)
BPAN4<XBSP>,2023-08-07,2023-08-10,8.365882322,8.563501589,short,-304085.26376138255,-2.362204719044589,Above VWAP (Short)
ASAI3<XBSP>,2023-07-27,2023-08-14,13.25915268,12.91539687,long,-340393.1906665787,-2.592592590916592,Below VWAP
VVEO3<XBSP>,2023-08-03,2023-08-15,20.2463032,18.36858263,short,1216242.8007621095,9.27438728666278,Take Profit (Short)
AMBP3<XBSP>,2023-08-15,2023-08-16,2.393,2.3,long,-501637.81500000134,-3.886335144170508,Stop Loss
ARML3<XBSP>,2023-08-07,2023-08-17,12.89112837,12.18352245,long,-883259.8907630406,-5.4890921856517085,Stop Loss
CPLE3<XBSP>,2023-08-10,2023-08-17,7.294851148,7.225210564,long,-122892.09224260785,-0.9546539413500301,Below VWAP
ZAMP3<XBSP>,2023-08-17,2023-08-18,3.60293435,4.168684372,short,-1989507.475364849,-15.70247934159556,Stop Loss (Short)
CSMG3<XBSP>,2023-08-01,2023-08-21,14.30400575,14.73629087,short,-492374.4808204789,-3.022126301927689,Stop Loss (Short)
GGPS3<XBSP>,2023-08-17,2023-08-21,16.46919717,17.0930304,short,-599906.1064633504,-3.787878811338564,Stop Loss (Short)
ANIM3<XBSP>,2023-08-14,2023-08-22,3.357570262,3.46977698,short,-429640.53308246285,-3.341902305662017,Stop Loss (Short)
ZAMP3<XBSP>,2023-08-18,2023-08-22,4.168684372,5.002421247,long,2534003.997504374,20.00000001439302,Take Profit
AXIA6<XBSP>,2023-08-16,2023-08-23,32.99925947,34.92239512,short,-746390.100257149,-5.827814565803641,Stop Loss (Short)
ZAMP3<XBSP>,2023-08-22,2023-08-23,5.002421247,5.707127414,long,2283792.718947092,14.087301572665822,Take Profit
PCAR3<XBSP>,2023-08-22,2023-08-23,8.138450001,6.56,short,2515405.293993594,19.394970796724824,Take Profit (Short)
PCAR3<XBSP>,2023-08-23,2023-08-25,6.56,5.9,short,1934720.039999999,10.060975609756092,Take Profit (Short)
ITUB3<XBSP>,2023-08-21,2023-08-28,17.48463765,17.93819505,short,-429623.1760020014,-2.5940337402416884,Above VWAP (Short)
ZAMP3<XBSP>,2023-08-23,2023-08-28,5.707127414,5.240631782,long,-1257471.1642546076,-8.173913041710827,Stop Loss
SMTO3<XBSP>,2023-08-23,2023-08-28,32.38729374,34.45337972,long,785110.6063140202,6.3793103449340585,Take Profit
GGPS3<XBSP>,2023-08-21,2023-09-01,17.0930304,18.11995586,long,796016.1356917005,6.0078607243335895,Take Profit
HBSA3<XBSP>,2023-08-28,2023-09-01,3.756660757,3.841185624,short,-443464.448108051,-2.249999999134865,Above VWAP (Short)
ORVR3<XBSP>,2023-08-25,2023-09-05,35.13,35.85,short,-280615.6799999997,-2.0495303159692546,Above VWAP (Short)
ANIM3<XBSP>,2023-08-28,2023-09-05,3.288519974,2.882849531,short,1556069.8739185128,12.3359580056484,Take Profit (Short)
GMAT3<XBSP>,2023-08-28,2023-09-13,6.779120029,7.025633485,short,-573368.1124449596,-3.6363636422641044,Stop Loss (Short)
MDIA3<XBSP>,2023-09-01,2023-09-13,35.32362692,36.81885729,short,-570340.6723327972,-4.232946898081417,Stop Loss (Short)
DXCO3<XBSP>,2023-09-05,2023-09-13,7.458826361,7.803521803,short,-741268.9268027693,-4.621309376530218,Stop Loss (Short)
BHIA3<XBSP>,2023-09-13,2023-09-14,27.75,22.5,short,3655527.75,18.91891891891892,Take Profit (Short)
UGPA3<XBSP>,2023-09-13,2023-09-14,17.09083202,17.48243864,short,-283348.53632748127,-2.2913256624471914,Above VWAP (Short)
BHIA3<XBSP>,2023-09-14,2023-09-15,22.5,19.0,short,2524753.0,15.555555555555555,Take Profit (Short)
VLID3<XBSP>,2023-09-01,2023-09-20,15.41538864,14.72749764,long,-751564.9425239991,-4.4623656014422695,Stop Loss
RECV3<XBSP>,2023-09-05,2023-09-21,17.82748552,16.57948254,short,898310.0489980392,7.000443100065404,Take Profit (Short)
SEQL3<XBSP>,2023-09-14,2023-09-21,9.994572428,9.051688236,short,1224947.9980368,9.433962270947085,Take Profit (Short)
BHIA3<XBSP>,2023-09-15,2023-09-22,19.0,17.0,short,1435122.0,10.526315789473683,Take Profit (Short)
ANIM3<XBSP>,2023-09-22,2023-09-28,2.321815939,2.511704232,short,-1084731.9366668835,-8.178438687167626,Stop Loss (Short)
RDOR3<XBSP>,2023-09-21,2023-10-02,25.06863057,23.54559301,short,800182.6114981584,6.075471716523034,Take Profit (Short)
MDIA3<XBSP>,2023-10-02,2023-10-05,36.55190797,35.47432758,long,-390466.6422184501,-2.9480824664048315,Below VWAP
OIBR3<XBSP>,2023-10-05,2023-10-06,6.638343993,6.043865426,long,-1179107.2186233774,-8.955223887566927,Stop Loss
AGRO3<XBSP>,2023-09-13,2023-10-10,22.06495265,23.58917635,long,1067799.4857061002,6.907894724170189,Take Profit
BBDC3<XBSP>,2023-09-21,2023-10-10,10.20106429,10.41133835,short,-339359.2026934009,-2.0612953121580664,Above VWAP (Short)
PORT3<XBSP>,2023-09-28,2023-10-10,11.96750329,12.74817616,long,865201.7863449901,6.523272658319028,Take Profit
YDUQ3<XBSP>,2023-10-06,2023-10-10,18.21963756,19.67343247,short,-1031790.2311150208,-7.979274588818995,Stop Loss (Short)
SUZB3<XBSP>,2023-09-20,2023-10-13,51.94156875,55.41443371,long,944414.3700873591,6.686099483662584,Take Profit
CVCB3<XBSP>,2023-10-10,2023-10-13,3.11,2.92,long,-1092560.039999999,-6.1093247588424395,Stop Loss
INTB3<XBSP>,2023-10-13,2023-10-16,15.78899279,16.62982672,short,-826956.8068192806,-5.325443751754355,Stop Loss (Short)
LWSA3<XBSP>,2023-10-13,2023-10-19,5.929361206,5.560595698,short,772608.7286519762,6.219312590146159,Take Profit (Short)
GFSA3<XBSP>,2023-10-19,2023-10-20,78.52459879,71.71118458,long,-1121004.2265570909,-8.676789585670171,Stop Loss
PLPL3<XBSP>,2023-10-10,2023-10-23,7.151098447,7.436450622,short,-570887.5460963491,-3.9903264808179135,Stop Loss (Short)
LEVE3<XBSP>,2023-10-10,2023-10-23,29.61269285,27.32594289,short,883838.0065398384,7.722195247771923,Take Profit (Short)
RDOR3<XBSP>,2023-10-16,2023-10-23,22.04147518,22.79919624,short,-448409.47293422,-3.4377057515984277,Stop Loss (Short)
AMBP3<XBSP>,2023-10-20,2023-10-23,1.615,1.501,short,896149.3260000013,7.058823529411774,Take Profit (Short)
ALPA4<XBSP>,2023-10-10,2023-10-24,7.366953743,7.701368199,short,-1014750.2350165062,-4.539385852907761,Stop Loss (Short)
AMBP3<XBSP>,2023-10-23,2023-10-24,1.501,1.551,short,-681367.8500000015,-3.331112591605604,Stop Loss (Short)
GFSA3<XBSP>,2023-10-23,2023-10-24,78.52459879,75.62889775,long,-386196.752003761,-3.687635574864944,Stop Loss
CASH3<XBSP>,2023-10-23,2023-10-25,2.972001565,2.828263225,long,-791417.981721418,-4.83641535363726,Stop Loss
QUAL3<XBSP>,2023-10-23,2023-10-25,3.309972356,3.11057643,long,-788613.4794770367,-6.024096413933909,Stop Loss
POMO4<XBSP>,2023-10-24,2023-10-26,3.755047259,3.884531647,short,-418369.23700352013,-3.4482758556408366,Stop Loss (Short)
WEGE3<XBSP>,2023-10-25,2023-10-26,30.30481153,31.45075133,short,-577835.5603908002,-3.7813790686854682,Stop Loss (Short)
GFSA3<XBSP>,2023-10-25,2023-10-26,93.17343934,99.13517678,long,782209.7608151995,6.398537482602706,Take Profit
AMBP3<XBSP>,2023-10-24,2023-10-27,1.551,1.419,short,1613391.515999999,8.510638297872335,Take Profit (Short)
GFSA3<XBSP>,2023-10-26,2023-10-27,99.13517678,94.8767929,long,-767356.5167921185,-4.295532643725611,Stop Loss
ARML3<XBSP>,2023-10-26,2023-10-27,11.6579867,11.18438099,long,-464466.54061413,-4.062500002680566,Stop Loss
SANB11<XBSP>,2023-10-24,2023-10-30,24.23742586,23.56686001,long,-419587.13422784954,-2.7666545691498583,Below VWAP
WEGE3<XBSP>,2023-10-26,2023-11-03,31.45075133,32.28853926,short,-380691.67317993194,-2.663808953908397,Above VWAP (Short)
HYPE3<XBSP>,2023-10-27,2023-11-07,28.59365197,29.55072352,short,-620926.9660658985,-3.3471469506733236,Stop Loss (Short)
SUZB3<XBSP>,2023-10-27,2023-11-08,49.13110311,50.61677013,short,-448766.5227292795,-3.0238828887552702,Stop Loss (Short)
AMER3<XBSP>,2023-10-30,2023-11-09,85.0,79.0,long,-878634.0,-7.0588235294117645,Stop Loss
ZAMP3<XBSP>,2023-11-07,2023-11-10,6.600416922,6.014816023,long,-1238830.5034219138,-8.872180438301106,Stop Loss
TOTS3<XBSP>,2023-11-08,2023-11-13,29.29891204,31.60918587,long,1114854.9805001188,7.885186408443845,Take Profit
VVEO3<XBSP>,2023-10-27,2023-11-14,15.03149373,13.64995838,short,1091202.9331267998,9.190938537550117,Take Profit (Short)
BEEF3<XBSP>,2023-11-09,2023-11-14,6.038503611,6.23329405,short,-439504.49877306446,-3.2258064505444795,Stop Loss (Short)
MDIA3<XBSP>,2023-11-13,2023-11-14,30.61091171,33.71014731,short,-1397835.8357256018,-10.124610561623824,Stop Loss (Short)
CSAN3<XBSP>,2023-11-03,2023-11-16,16.58627619,17.64887979,long,821067.4260984007,6.406523006295128,Take Profit
CEAB3<XBSP>,2023-11-10,2023-11-16,6.910322981,7.664349937,long,1467016.7489466555,10.911602222836821,Take Profit
SBFG3<XBSP>,2023-11-14,2023-11-16,9.187513509,10.06786649,long,1811563.9537123702,9.58205917343811,Take Profit
SBFG3<XBSP>,2023-11-16,2023-11-20,10.06786649,9.740075484,long,-407012.847494103,-3.255813993218728,Stop Loss
POSI3<XBSP>,2023-11-14,2023-11-21,6.429972613,6.183718343,long,-463392.9126408212,-3.829787229608541,Stop Loss
VVEO3<XBSP>,2023-11-16,2023-11-21,13.86399907,14.34072606,short,-671660.6562109999,-3.4385965232180293,Stop Loss (Short)
AMER3<XBSP>,2023-11-21,2023-11-22,118.0,109.0,long,-1233270.0,-7.627118644067797,Stop Loss
OIBR3<XBSP>,2023-11-21,2023-11-23,6.935583276,6.440184471,long,-923979.7053780146,-7.142857136677826,Stop Loss
CMIG4<XBSP>,2023-11-22,2023-11-24,6.503369529,6.050712091,short,928220.7003351133,6.960352413952451,Take Profit (Short)
VVEO3<XBSP>,2023-11-23,2023-11-27,14.73962006,14.097498,long,-569429.9900756404,-4.356435629861143,Stop Loss
HBSA3<XBSP>,2023-11-14,2023-11-28,3.380994681,3.437344593,short,-252077.2177884262,-1.666666685891793,Above VWAP (Short)
SLCE3<XBSP>,2023-11-24,2023-11-28,16.6918784,17.49401589,short,-630679.7993750107,-4.80555555688688,Stop Loss (Short)
ENEV3<XBSP>,2023-11-27,2023-11-28,12.74,12.35,long,-397943.5200000014,-3.061224489795929,Stop Loss
VBBR3<XBSP>,2023-11-28,2023-11-30,19.08239763,20.3830734,long,1012579.9889723118,6.816102437542606,Take Profit
JHSF3<XBSP>,2023-11-16,2023-12-01,3.769776263,3.906859036,short,-568232.357735822,-3.6363636310582885,Stop Loss (Short)
ZAMP3<XBSP>,2023-11-28,2023-12-07,6.024741462,6.253026558,short,-703626.7148738876,-3.789126843697245,Stop Loss (Short)
EGIE3<XBSP>,2023-11-30,2023-12-07,38.98804249,38.8715265,long,-37898.10742338933,-0.2988505771478089,Below VWAP
PCAR3<XBSP>,2023-12-07,2023-12-08,4.08,4.33,long,1033018.75,6.127450980392156,Take Profit
KLBN4<XBSP>,2023-12-01,2023-12-14,3.455097401,3.536393811,short,-312243.0076387692,-2.35294119281472,Above VWAP (Short)
SMTO3<XBSP>,2023-12-08,2023-12-14,26.80327758,27.90146742,short,-588691.2528710403,-4.097222202479614,Stop Loss (Short)
LWSA3<XBSP>,2023-12-14,2023-12-15,5.968178628,5.744978452,long,-636599.9355780501,-3.7398373928160638,Stop Loss
SBSP3<XBSP>,2023-12-07,2023-12-18,64.58785484,68.64717395,long,847654.8385928664,6.284957319074793,Take Profit
BHIA3<XBSP>,2023-12-15,2023-12-18,11.17,10.24,short,1179881.7000000011,8.32587287376903,Take Profit (Short)
ZAMP3<XBSP>,2023-12-18,2023-12-20,6.292728314,5.856008999,long,-1182462.0907326266,-6.940063088825717,Stop Loss
BHIA3<XBSP>,2023-12-18,2023-12-20,10.24,10.94,short,-931776.9999999981,-6.835937499999986,Stop Loss (Short)
PORT3<XBSP>,2023-11-20,2023-12-21,13.76946364,15.05951098,long,1163589.15944916,9.368900443241957,Take Profit
SEQL3<XBSP>,2023-12-14,2023-12-21,8.297380883,7.54307353,short,1237972.9992803652,9.090909090909092,Take Profit (Short)
GFSA3<XBSP>,2023-12-20,2023-12-26,121.6194437,143.0816984,long,2371986.927189298,17.64705876548914,Take Profit
GFSA3<XBSP>,2023-12-26,2023-12-27,143.0816984,159.9448986,long,1594179.4941071998,11.785714307679758,Take Profit
GFSA3<XBSP>,2023-12-27,2023-12-28,159.9448986,177.4894402,long,1518690.609979201,10.969116085331661,Take Profit
MYPK3<XBSP>,2023-12-20,2024-01-02,11.59576209,11.40492274,long,-276517.24870054796,-1.645768070427863,Below VWAP
TTEN3<XBSP>,2023-12-21,2024-01-02,11.29461942,10.64113107,long,-749534.8002412505,-5.785837713511913,Stop Loss
TUPY3<XBSP>,2023-12-28,2024-01-02,26.93815927,25.44674124,long,-783349.4232411403,-5.536451154852797,Stop Loss
SEQL3<XBSP>,2024-01-02,2024-01-03,14.89757022,13.95468603,long,-1249262.150046032,-6.329113916403485,Stop Loss
ABCB4<XBSP>,2024-01-02,2024-01-03,20.12805103,20.53272338,short,-317469.505298499,-2.0104894875159642,Above VWAP (Short)
SEQL3<XBSP>,2024-01-03,2024-01-04,13.95468603,12.44607132,long,-1833727.2144638412,-10.810810839862379,Stop Loss
AMER3<XBSP>,2023-11-28,2024-01-05,93.0,87.0,short,766746.0,6.451612903225806,Take Profit (Short)
SEQL3<XBSP>,2024-01-05,2024-01-08,10.3717261,10.74887978,short,-490253.394097358,-3.6363636714239727,Stop Loss (Short)
MILS3<XBSP>,2024-01-03,2024-01-10,12.55283421,12.30489967,long,-268016.49393638223,-1.97512797390799,Below VWAP
TEND3<XBSP>,2024-01-04,2024-01-11,11.32072917,10.00143254,short,1617703.0575531814,11.653813196910894,Take Profit (Short)
CAML3<XBSP>,2024-01-02,2024-01-12,7.262397356,8.01812906,short,-1314553.7338642795,-10.406091362869784,Stop Loss (Short)
MRVE3<XBSP>,2024-01-11,2024-01-12,8.39,7.82,short,919403.7300000004,6.793802145411207,Take Profit (Short)
CAML3<XBSP>,2024-01-12,2024-01-16,8.01812906,7.723209371,long,-472554.8313194122,-3.678160912515912,Stop Loss
PORT3<XBSP>,2023-12-21,2024-01-17,15.05951098,15.23868422,long,192662.8348931186,1.1897679827582202,Below VWAP
GGBR4<XBSP>,2024-01-10,2024-01-25,16.57457828,16.8060668,short,-187791.5895221997,-1.3966480237951466,Above VWAP (Short)
GOLL54<XBSP>,2024-01-16,2024-01-25,0.089721887,0.083740428,short,850205.240220489,6.666666518059293,Take Profit (Short)
MRVE3<XBSP>,2024-01-12,2024-01-26,7.82,8.08,short,-533946.9199999981,-3.3248081841432104,Stop Loss (Short)
INTB3<XBSP>,2024-01-25,2024-01-30,20.35672892,19.48147428,long,-551155.724099759,-4.299583903876038,Stop Loss
GOLL54<XBSP>,2024-01-30,2024-02-01,0.037319104,0.034848501,short,875661.2936756462,6.620209852841064,Take Profit (Short)
ALOS3<XBSP>,2024-01-08,2024-02-07,22.60212189,21.98215773,short,369803.04176255874,2.7429467154333533,Above VWAP (Short)
BRSR6<XBSP>,2024-02-01,2024-02-08,12.63556291,11.89984293,long,-770161.9751437213,-5.822613406623459,Stop Loss
OIBR3<XBSP>,2024-02-07,2024-02-08,8.520859453,9.511657064,long,1543960.9080189113,11.627906978927612,Take Profit
TOTS3<XBSP>,2024-02-08,2024-02-09,28.82848636,29.78165494,short,-425280.94435008056,-3.3063427892022053,Stop Loss (Short)
SLCE3<XBSP>,2024-01-17,2024-02-14,17.48394261,17.27004331,long,-164910.58501890115,-1.223404267397109,Below VWAP
OIBR3<XBSP>,2024-02-08,2024-02-14,9.511657064,10.89877372,long,2344743.156036034,14.583333342094528,Take Profit
SLCE3<XBSP>,2024-02-14,2024-02-16,17.27004331,18.13494047,short,-833224.6260008011,-5.008077539094494,Stop Loss (Short)
RADL3<XBSP>,2024-01-25,2024-02-20,25.24966166,24.88062814,short,234189.7788925618,1.4615384751258595,Above VWAP (Short)
VULC3<XBSP>,2024-01-26,2024-02-20,12.86049955,12.958086,short,-102188.23663619906,-0.7588076156808318,Above VWAP (Short)
TIMS3<XBSP>,2024-02-20,2024-02-21,15.13625825,15.33394931,short,-223059.17220132053,-1.3060761565692796,Above VWAP (Short)
JHSF3<XBSP>,2024-02-09,2024-02-22,3.737258834,3.902010384,short,-567028.5399144515,-4.40835268087831,Stop Loss (Short)
BRKM5<XBSP>,2024-02-16,2024-02-22,19.25,20.6,long,980106.7500000019,7.012987012987026,Take Profit
WEGE3<XBSP>,2024-02-21,2024-02-22,35.34433271,34.22504726,long,-454309.00987140276,-3.166803173747078,Stop Loss
IGTI11<XBSP>,2024-02-22,2024-02-23,22.43925683,21.95246444,long,-429944.77469579875,-2.1693783964769504,Below VWAP
OIBR3<XBSP>,2024-02-22,2024-02-23,12.88036894,12.28589037,long,-585416.9331574906,-4.61538464285636,Stop Loss
PCAR3<XBSP>,2024-02-22,2024-02-26,3.98,3.5,short,1912165.4399999995,12.060301507537686,Take Profit (Short)
TUPY3<XBSP>,2024-02-23,2024-02-27,23.25692974,24.01469776,short,-428647.3936414197,-3.25824615919401,Stop Loss (Short)
PCAR3<XBSP>,2024-02-26,2024-02-27,3.5,3.94,short,-1721736.2799999993,-12.571428571428566,Stop Loss (Short)
PCAR3<XBSP>,2024-02-27,2024-02-28,3.94,4.41,short,-1947611.3800000008,-11.92893401015229,Stop Loss (Short)
PCAR3<XBSP>,2024-02-28,2024-02-29,4.41,4.03,long,-1181748.3200000003,-8.616780045351476,Stop Loss
DIRR3<XBSP>,2024-02-20,2024-03-06,6.591505775,6.999953782,long,846630.2120135874,6.1965811901302725,Take Profit
RANI3<XBSP>,2024-02-23,2024-03-06,7.994653578,7.489740458,short,1038588.1109676808,6.315634756075485,Take Profit (Short)
CXSE3<XBSP>,2024-02-29,2024-03-06,12.28982198,13.10230151,long,891039.800714761,6.610995108978796,Take Profit
TUPY3<XBSP>,2024-02-27,2024-03-07,24.01469776,25.68927154,long,910788.9569255393,6.973120364601243,Take Profit
CASH3<XBSP>,2024-03-06,2024-03-07,3.639962088,3.521589337,long,-413080.1807636544,-3.252032525015671,Stop Loss
SAPR4<XBSP>,2024-02-14,2024-03-08,4.760853601,4.788110396,short,-76202.83028291538,-0.5725190750304724,Above VWAP (Short)
GUAR3<XBSP>,2024-03-07,2024-03-08,6.743174374,7.576382701,long,1904608.4180644713,12.356321826892744,Take Profit
RECV3<XBSP>,2024-03-06,2024-03-12,17.38626392,18.01096869,short,-713127.981964875,-3.5930937944717196,Stop Loss (Short)
ORVR3<XBSP>,2024-03-06,2024-03-20,36.71,39.11,long,1038043.1999999993,6.537728139471528,Take Profit
MYPK3<XBSP>,2024-03-07,2024-03-27,12.3318567,13.12559046,long,793693.2795782406,6.4364497521285715,Take Profit
PETR3<XBSP>,2024-03-08,2024-03-28,28.47926539,29.48042939,short,-562140.5708680023,-3.5154137099039975,Stop Loss (Short)
PETR4<XBSP>,2024-03-08,2024-03-28,27.33721045,28.27569718,short,-439169.55773715116,-3.433001080035225,Stop Loss (Short)
NATU3<XBSP>,2024-03-12,2024-04-01,17.74063061,17.35822361,long,-306162.69234000146,-2.1555434437851804,Below VWAP
AMER3<XBSP>,2024-03-28,2024-04-01,65.0,61.0,long,-851400.0,-6.153846153846154,Stop Loss
ONCO3<XBSP>,2024-03-28,2024-04-02,8.517235967,7.622204391,short,1817342.8194049038,10.508474574002605,Take Profit (Short)
ARML3<XBSP>,2024-03-27,2024-04-03,11.38325805,10.53090918,short,1079863.7968224902,7.487740910872175,Take Profit (Short)
QUAL3<XBSP>,2024-04-01,2024-04-03,1.83444251,1.664955974,short,1519323.5785283279,9.23913042115449,Take Profit (Short)
SEQL3<XBSP>,2024-04-02,2024-04-04,6.411612501,5.845881986,short,1233816.9548874032,8.823529414975779,Take Profit (Short)
ONCO3<XBSP>,2024-04-03,2024-04-04,7.314236537,7.987916218,short,-1279146.5995800253,-9.210526315249785,Stop Loss (Short)
BRKM5<XBSP>,2024-03-20,2024-04-05,26.76,25.72,long,-573086.8000000026,-3.88639760837072,Stop Loss
LIGT3<XBSP>,2024-04-04,2024-04-05,5.75,5.25,long,-1450828.5,-8.695652173913043,Stop Loss
ALPA4<XBSP>,2024-04-05,2024-04-08,9.432454793,9.275083284,long,-221022.4616446644,-1.6684045930099392,Below VWAP
IRBR3<XBSP>,2024-04-05,2024-04-10,42.35,40.82,long,-598249.8900000006,-3.6127508854781616,Stop Loss
VVEO3<XBSP>,2024-04-08,2024-04-10,6.956322341,6.664448676,long,-553985.8480009455,-4.19580420073004,Stop Loss
AMBP3<XBSP>,2024-04-01,2024-04-11,1.4,1.304,short,902095.1999999993,6.857142857142852,Take Profit (Short)
CASH3<XBSP>,2024-04-03,2024-04-15,2.864106276,2.679325226,short,1119990.095952699,6.451612900973227,Take Profit (Short)
CURY3<XBSP>,2024-04-15,2024-04-18,15.67713604,16.20286737,short,-466626.51095607877,-3.35349089692532,Stop Loss (Short)
PETR4<XBSP>,2024-04-04,2024-04-19,28.66925614,30.67489312,long,933768.42005256,6.995776138055041,Take Profit
ISAE4<XBSP>,2024-04-10,2024-04-19,23.73072882,22.61989062,long,-762291.6088242009,-4.681011731353986,Stop Loss
CBAV3<XBSP>,2024-04-10,2024-04-19,4.71,5.11,long,1106396.0,8.492569002123142,Take Profit
PETZ3<XBSP>,2024-04-19,2024-04-22,4.511424849,5.018960145,long,2240925.667781759,11.250000010805893,Take Profit
PETZ3<XBSP>,2024-04-22,2024-04-23,5.018960145,4.840382911,long,-520569.9591016993,-3.5580524419565887,Stop Loss
GOLL54<XBSP>,2024-04-18,2024-04-24,0.018334473,0.016253965,short,1578969.165573489,11.347520051435355,Take Profit (Short)
USIM5<XBSP>,2024-04-23,2024-04-25,8.796604545,8.206942042,short,973763.9401541762,6.703296709355487,Take Profit (Short)
AMBP3<XBSP>,2024-04-24,2024-04-26,1.002,1.037,short,-503142.4299999997,-3.493013972055886,Stop Loss (Short)
ALOS3<XBSP>,2024-04-25,2024-04-26,18.19151973,18.99747314,short,-639246.782861961,-4.430379770145797,Stop Loss (Short)
SLCE3<XBSP>,2024-04-11,2024-04-29,17.47464264,17.84664142,short,-277878.6246746406,-2.128791916742744,Above VWAP (Short)
EGIE3<XBSP>,2024-04-19,2024-04-29,35.9045099,36.59740395,short,-246021.0400751494,-1.9298245594490018,Above VWAP (Short)
HYPE3<XBSP>,2024-04-26,2024-04-29,26.56678471,27.99050382,short,-927622.7624013908,-5.359019262365232,Stop Loss (Short)
BHIA3<XBSP>,2024-04-29,2024-04-30,7.3,6.85,long,-1214407.3499999978,-6.164383561643825,Stop Loss
NEOE3<XBSP>,2024-04-19,2024-05-03,18.43499402,18.8532975,short,-361587.3843607195,-2.2690730441582176,Above VWAP (Short)
ALOS3<XBSP>,2024-04-26,2024-05-03,18.99747314,19.64315709,short,-470652.5905179493,-3.3987885927864987,Stop Loss (Short)
LJQQ3<XBSP>,2024-04-29,2024-05-03,4.119848378,4.336682503,short,-829490.0549883731,-5.263157890904292,Stop Loss (Short)
GOLL54<XBSP>,2024-04-29,2024-05-03,0.017034155,0.017814346,short,-577477.5956770051,-4.5801567497771485,Stop Loss (Short)
MULT3<XBSP>,2024-04-30,2024-05-03,21.38412208,22.9816253,short,-1029718.625547599,-7.470511129816737,Stop Loss (Short)
ZAMP3<XBSP>,2024-05-03,2024-05-06,3.870921203,3.523530838,long,-1824604.3197257072,-8.974358990587811,Stop Loss
LJQQ3<XBSP>,2024-05-03,2024-05-06,4.336682503,4.072710524,short,792036.8361663818,6.086956534572021,Take Profit (Short)
GUAR3<XBSP>,2024-05-03,2024-05-07,8.487098781,8.138313899,long,-427792.6798252873,-4.109589048036332,Stop Loss
BRSR6<XBSP>,2024-05-06,2024-05-07,10.63451747,9.846775433,short,867048.7543170135,7.407407427955463,Take Profit (Short)
PORT3<XBSP>,2024-05-03,2024-05-22,15.28200632,14.27841187,short,1668987.6062945053,6.56716421250638,Take Profit (Short)
SUZB3<XBSP>,2024-05-07,2024-05-22,50.53187137,46.7937912,short,1013565.4857748188,7.397470286879653,Take Profit (Short)
GOLL54<XBSP>,2024-05-22,2024-05-23,0.016904124,0.016383997,long,-408421.38287266344,-3.076923714000186,Stop Loss
RDOR3<XBSP>,2024-05-07,2024-05-24,28.70064831,27.957808,long,-283701.85699364915,-2.588235296905033,Below VWAP
GOLL54<XBSP>,2024-05-24,2024-05-27,0.018334473,0.017684314,long,-449968.6307316255,-3.5461013796251577,Stop Loss
MGLU3<XBSP>,2024-05-27,2024-05-28,12.76573084,11.93086175,short,823972.3786373194,6.539923960984904,Take Profit (Short)
SAPR4<XBSP>,2024-05-03,2024-05-31,5.115191941,5.078849547,long,-115559.80000628717,-0.7104795757262423,Below VWAP
ONCO3<XBSP>,2024-05-23,2024-06-03,8.854075808,8.507611972,long,-516208.9419544954,-3.9130434786537083,Stop Loss
SEQL3<XBSP>,2024-05-28,2024-06-04,6.034458824,5.261293787,short,1614261.1273158565,12.81250000290001,Take Profit (Short)
AGRO3<XBSP>,2024-06-03,2024-06-04,23.88102291,22.86116063,long,-562971.1175959595,-4.270597134149305,Stop Loss
BRKM5<XBSP>,2024-05-06,2024-06-06,19.7,17.9,short,1336883.4000000004,9.137055837563453,Take Profit (Short)
SEQL3<XBSP>,2024-06-04,2024-06-06,5.261293787,5.959028089,short,-1653965.9059392642,-13.261648754989036,Stop Loss (Short)
RAIL3<XBSP>,2024-06-06,2024-06-07,19.64712474,18.97624731,long,-420630.0854485482,-3.4146341455965996,Stop Loss
ZAMP3<XBSP>,2024-06-06,2024-06-10,3.434201887,3.255543986,long,-801056.4703192431,-5.2023121202134375,Stop Loss
AMER3<XBSP>,2024-06-04,2024-06-13,36.0,39.0,short,-1299144.0,-8.333333333333332,Stop Loss (Short)
AMER3<XBSP>,2024-06-13,2024-06-17,39.0,43.0,short,-1362404.0,-10.256410256410255,Stop Loss (Short)
BBDC3<XBSP>,2024-06-07,2024-06-21,9.88244335,9.901133078,short,-23137.640297535807,-0.18912051744774072,Above VWAP (Short)
SANB11<XBSP>,2024-05-31,2024-06-24,25.18719538,25.41410705,short,-119902.39554470032,-0.9009009005432213,Above VWAP (Short)
OIBR3<XBSP>,2024-06-17,2024-06-24,4.399141392,4.55766901,short,-478682.8615699895,-3.6036036097473043,Stop Loss (Short)
SAPR11<XBSP>,2024-06-21,2024-06-24,24.38352034,24.97491169,short,-317083.9345640987,-2.4253731280542308,Above VWAP (Short)
TTEN3<XBSP>,2024-06-24,2024-06-25,9.900720775,9.624329767,long,-513439.6907482557,-2.7916251178187563,Below VWAP
LREN3<XBSP>,2024-05-22,2024-06-26,11.06015905,10.35245205,short,1061680.1024829987,6.398705450804518,Take Profit (Short)
NEOE3<XBSP>,2024-06-10,2024-06-26,17.65111355,17.66065469,short,-6868.58081573993,-0.054054040120318086,Above VWAP (Short)
GOLL54<XBSP>,2024-06-26,2024-06-28,0.012743109,0.013393267,short,-829275.9067987911,-5.102035931733752,Stop Loss (Short)
MOVI3<XBSP>,2024-06-26,2024-06-28,5.956301864,5.765394753,long,-416764.54134632647,-3.2051282046977305,Stop Loss
GFSA3<XBSP>,2024-06-24,2024-07-01,71.0,64.6,short,1326304.0000000019,9.014084507042266,Take Profit (Short)
AMBP3<XBSP>,2024-06-28,2024-07-01,1.29,1.465,long,1754934.6500000004,13.56589147286822,Take Profit
AMBP3<XBSP>,2024-07-01,2024-07-02,1.465,1.665,long,2215713.1999999993,13.651877133105797,Take Profit
GOLL54<XBSP>,2024-06-28,2024-07-04,0.013393267,0.013783362,short,-470984.3876667209,-2.9126201993882503,Above VWAP (Short)
AMBP3<XBSP>,2024-07-02,2024-07-05,1.665,1.9,long,1986762.8499999996,14.114114114114113,Take Profit
IFCM3<XBSP>,2024-07-04,2024-07-09,123.9357929,146.7660706,long,2670160.7889589015,18.42105268041579,Take Profit
GOLL54<XBSP>,2024-07-05,2024-07-09,0.015343743,0.016514028,long,1129487.4898151252,7.627115495873466,Take Profit
AMER3<XBSP>,2024-07-09,2024-07-10,69.0,76.0,long,1873543.0,10.144927536231885,Take Profit
ABCB4<XBSP>,2024-06-25,2024-07-11,19.5914203,20.93179303,long,888900.3448450211,6.841631231810191,Take Profit
RAPT4<XBSP>,2024-07-01,2024-07-11,10.94053003,11.69040818,long,889945.64000405,6.8541299913602085,Take Profit
AMER3<XBSP>,2024-07-10,2024-07-12,76.0,69.0,long,-1463336.0,-9.210526315789473,Stop Loss
MRVE3<XBSP>,2024-07-11,2024-07-12,7.26,6.96,long,-603676.4999999981,-4.132231404958666,Stop Loss
CVCB3<XBSP>,2024-07-09,2024-07-16,2.15,2.08,long,-481021.9399999976,-3.255813953488356,Stop Loss
PLPL3<XBSP>,2024-07-11,2024-07-17,9.531435523,10.38971645,long,1644375.2783537358,9.004739369310203,Take Profit
GGPS3<XBSP>,2024-07-12,2024-07-18,17.17244127,16.55809499,long,-621524.9162817989,-3.577512773756011,Stop Loss
TEND3<XBSP>,2024-07-12,2024-07-18,12.3587052,11.89307109,long,-523647.46376490034,-3.767660952055077,Stop Loss
SMFT3<XBSP>,2024-07-16,2024-07-18,21.97220985,21.53759471,long,-276476.5097747389,-1.9780219785221025,Below VWAP
OIBR3<XBSP>,2024-07-17,2024-07-18,5.072883768,4.597300914,short,1421537.600668721,9.375000014784483,Take Profit (Short)
HBSA3<XBSP>,2024-07-18,2024-07-19,3.643960934,3.540652764,long,-542709.1193855107,-2.8350515241830014,Below VWAP
OIBR3<XBSP>,2024-07-18,2024-07-24,4.597300914,4.319877583,short,739309.8735551946,6.034482758245646,Take Profit (Short)
UNIP6<XBSP>,2024-07-18,2024-07-25,43.21486234,43.08634867,long,-45541.90329258144,-0.29738303685639844,Below VWAP
VULC3<XBSP>,2024-07-25,2024-07-26,11.18999243,11.39504465,short,-250451.60171688162,-1.8324607570802558,Above VWAP (Short)
ZAMP3<XBSP>,2024-07-18,2024-07-29,3.424276449,3.51,short,-599028.5449919589,-2.5034062604680694,Above VWAP (Short)
ITUB3<XBSP>,2024-06-24,2024-08-01,23.17761699,23.50198084,long,164731.42486100085,1.399470230869501,Below VWAP
USIM5<XBSP>,2024-07-26,2024-08-02,6.33,5.94,short,842073.9600000009,6.1611374407583,Take Profit (Short)
CSMG3<XBSP>,2024-08-01,2024-08-06,18.81782474,19.7564155,short,-746315.749860201,-4.987775011023944,Stop Loss (Short)
POMO4<XBSP>,2024-08-02,2024-08-06,6.180525252,6.754821846,long,1366285.4806250446,9.292035394793649,Take Profit
NEOE3<XBSP>,2024-07-24,2024-08-07,17.35610144,17.78928201,short,-331128.42587484233,-2.495840275522169,Above VWAP (Short)
SBFG3<XBSP>,2024-07-29,2024-08-07,14.23794747,15.14088806,long,996910.5201418903,6.341789024735039,Take Profit
SEQL3<XBSP>,2024-08-06,2024-08-07,5.110432317,7.54307353,long,6843063.519710833,47.60147600248513,Take Profit
MYPK3<XBSP>,2024-08-06,2024-08-08,10.31126875,10.80140081,short,-854163.9238673188,-4.753363256097842,Stop Loss (Short)
SEQL3<XBSP>,2024-08-07,2024-08-08,7.54307353,5.46872831,long,-5978806.4024876375,-27.499999990057095,Stop Loss
IFCM3<XBSP>,2024-08-07,2024-08-08,133.7201977,114.1513882,long,-2545295.482855499,-14.634146401654618,Stop Loss
SEQL3<XBSP>,2024-08-08,2024-08-09,5.46872831,6.854768071,short,-5283729.103106901,-25.344827580216705,Stop Loss (Short)
IFCM3<XBSP>,2024-08-08,2024-08-09,114.1513882,120.6743247,short,-762413.8639930002,-5.714285741818077,Stop Loss (Short)
ONCO3<XBSP>,2024-08-09,2024-08-12,6.207477061,6.621308865,short,-1167452.6256283186,-6.666666665592685,Stop Loss (Short)
CASH3<XBSP>,2024-08-09,2024-08-12,3.923517629,4.262282888,long,1209605.396743169,8.634222935461665,Take Profit
AMER3<XBSP>,2024-08-12,2024-08-13,46.0,41.0,short,1929750.0,10.869565217391305,Take Profit (Short)
SEQL3<XBSP>,2024-08-12,2024-08-13,8.721678769,7.807081104,long,-1489392.1157295555,-10.486486480685473,Stop Loss
ISAE4<XBSP>,2024-07-19,2024-08-14,21.99280455,22.13613851,short,-88121.57527403906,-0.6517311590440086,Above VWAP (Short)
VVEO3<XBSP>,2024-08-13,2024-08-14,2.1,2.28,short,-1496214.179999996,-8.571428571428548,Stop Loss (Short)
AMER3<XBSP>,2024-08-14,2024-08-15,33.0,14.0,short,7999399.0,57.57575757575758,Take Profit (Short)
TTEN3<XBSP>,2024-08-13,2024-08-16,11.45048465,12.20068881,long,914925.737207042,6.55172407920744,Take Profit
RENT3<XBSP>,2024-08-14,2024-08-16,37.62194572,40.06737219,short,-1128862.6579343416,-6.499999995215568,Stop Loss (Short)
DXCO3<XBSP>,2024-08-08,2024-08-19,7.771096345,8.256789867,long,1042368.2380791698,6.250000005629847,Take Profit
AMER3<XBSP>,2024-08-15,2024-08-19,14.0,10.0,short,3969628.0,28.57142857142857,Take Profit (Short)
PETZ3<XBSP>,2024-08-16,2024-08-19,3.545437888,4.391828896,long,4193070.9907014742,23.872679052275096,Take Profit
AMER3<XBSP>,2024-08-19,2024-08-20,10.0,9.0,short,2191543.0,10.0,Take Profit (Short)
LWSA3<XBSP>,2024-08-19,2024-08-20,5.065673567,4.871586458,long,-537389.940096071,-3.8314176078057502,Stop Loss
PETZ3<XBSP>,2024-08-19,2024-08-21,4.391828896,4.843237433,long,1802040.0332284048,10.278372579841047,Take Profit
AMER3<XBSP>,2024-08-20,2024-08-21,9.0,8.0,short,1626798.0,11.11111111111111,Take Profit (Short)
LIGT3<XBSP>,2024-08-20,2024-08-22,6.3,5.82,long,-1394398.5599999987,-7.619047619047612,Stop Loss
CVCB3<XBSP>,2024-08-21,2024-08-22,2.3,2.15,long,-1207047.75,-6.521739130434782,Stop Loss
AMER3<XBSP>,2024-08-21,2024-08-22,8.0,7.0,short,1850806.0,12.5,Take Profit (Short)
IRBR3<XBSP>,2024-08-16,2024-08-23,44.86,47.93,long,961609.959999999,6.843513152028527,Take Profit
AMER3<XBSP>,2024-08-22,2024-08-23,7.0,6.0,short,3092582.0,14.285714285714285,Take Profit (Short)
LIGT3<XBSP>,2024-08-22,2024-08-26,5.82,6.24,long,999828.4800000004,7.216494845360828,Take Profit
AMER3<XBSP>,2024-08-23,2024-08-26,6.0,5.0,short,2455471.0,16.666666666666664,Take Profit (Short)
VULC3<XBSP>,2024-08-07,2024-09-03,12.74253065,13.51651691,long,845161.2624833379,6.074038833094727,Take Profit
PORT3<XBSP>,2024-08-23,2024-09-04,16.20489584,15.91451909,long,-329998.0767839961,-1.7919075374939069,Below VWAP
PETR3<XBSP>,2024-08-26,2024-09-06,37.27741756,35.72274427,long,-738342.3295402229,-4.170549871105411,Stop Loss
ABCB4<XBSP>,2024-08-26,2024-09-06,21.58847673,20.98651667,long,-394912.28560264036,-2.7883396662419386,Below VWAP
VULC3<XBSP>,2024-09-03,2024-09-09,13.51651691,13.36798376,long,-156948.29561324976,-1.0989010777629382,Below VWAP
ALPA4<XBSP>,2024-09-04,2024-09-10,7.54399669,7.062046445,short,961029.0304402914,6.388526729324435,Take Profit (Short)
ONCO3<XBSP>,2024-09-06,2024-09-10,5.004477631,5.225829526,short,-643332.2778863106,-4.423076918734662,Stop Loss (Short)
GMAT3<XBSP>,2024-09-09,2024-09-11,7.514677825,7.678040386,short,-314369.35806132667,-2.173913037981776,Above VWAP (Short)
VBBR3<XBSP>,2024-08-22,2024-09-12,23.48309159,23.95872212,long,350770.8570475802,2.025417003451717,Below VWAP
GMAT3<XBSP>,2024-09-11,2024-09-12,7.678040386,7.360924826,long,-581671.118623361,-4.13016269852166,Stop Loss
RAPT4<XBSP>,2024-09-06,2024-09-13,10.65647945,10.85129626,short,-332378.90770909935,-1.8281535746779825,Above VWAP (Short)
PORT3<XBSP>,2024-09-10,2024-09-16,15.83021617,16.29856576,short,-413878.65928463824,-2.9585798764237468,Above VWAP (Short)
CMIN3<XBSP>,2024-09-12,2024-09-16,5.389080474,6.063783101,long,1752873.376730239,12.519809831290345,Take Profit
RADL3<XBSP>,2024-09-12,2024-09-19,26.31314041,26.76227008,short,-298718.38916535303,-1.706864566531626,Above VWAP (Short)
TEND3<XBSP>,2024-09-16,2024-09-20,14.05632954,12.90194499,long,-1463317.480117349,-8.212560375131893,Stop Loss
CSMG3<XBSP>,2024-09-13,2024-09-23,23.40955801,22.90242761,long,-321416.71186800115,-2.1663390645110336,Below VWAP
ZAMP3<XBSP>,2024-09-20,2024-09-23,2.65,2.48,short,974706.3899999987,6.415094339622633,Take Profit (Short)
MDIA3<XBSP>,2024-09-16,2024-09-24,25.98973212,24.37751406,short,884243.5660598408,6.203288485452852,Take Profit (Short)
BRAV3<XBSP>,2024-09-19,2024-09-24,18.89,19.46,short,-449715.75,-3.0174695606140816,Stop Loss (Short)
USIM5<XBSP>,2024-09-23,2024-09-24,5.6,6.03,short,-1389594.0200000033,-7.6785714285714475,Stop Loss (Short)
SAPR11<XBSP>,2024-09-10,2024-09-25,29.92963687,28.02162251,long,-1114755.4818156399,-6.375000031866406,Stop Loss
AMBP3<XBSP>,2024-09-24,2024-09-25,9.297,10.319,long,1849704.5140000023,10.992793374206746,Take Profit
CYRE3<XBSP>,2024-09-23,2024-09-26,19.34448977,19.99601295,short,-487607.1146669816,-3.3680039522696705,Stop Loss (Short)
BRAV3<XBSP>,2024-09-25,2024-09-26,18.2,17.01,short,929954.0599999968,6.538461538461517,Take Profit (Short)
PORT3<XBSP>,2024-09-26,2024-09-27,16.017556,16.14869389,short,-112120.14205431007,-0.8187134791350196,Above VWAP (Short)
QUAL3<XBSP>,2024-09-27,2024-09-30,2.303022934,2.23323436,long,-414990.56706787646,-3.0303030408293687,Stop Loss
CBAV3<XBSP>,2024-09-24,2024-10-02,5.38,5.78,long,1000833.6000000015,7.434944237918227,Take Profit
QUAL3<XBSP>,2024-10-02,2024-10-03,2.432630285,2.043808232,long,-2202822.3496928215,-15.98360652654622,Stop Loss
DXCO3<XBSP>,2024-09-30,2024-10-08,8.474856346,8.187405078,long,-461682.9552677665,-3.391812866959941,Stop Loss
MYPK3<XBSP>,2024-09-26,2024-10-09,10.30202098,9.680094494,short,1033424.1454619002,6.036936705986014,Take Profit (Short)
ANIM3<XBSP>,2024-09-24,2024-10-10,2.40875091,2.202286546,short,1802841.2519101724,8.571428583290086,Take Profit (Short)
B3SA3<XBSP>,2024-09-25,2024-10-16,10.54842761,10.73417379,short,-313060.32669559866,-1.760889744590087,Above VWAP (Short)
GOLL54<XBSP>,2024-10-08,2024-10-16,0.013783362,0.014823616,short,-1003997.2513085157,-7.547171727768593,Stop Loss (Short)
HBSA3<XBSP>,2024-10-10,2024-10-16,3.042895213,3.12742008,short,-429429.5165670365,-2.7777777768649012,Above VWAP (Short)
NEOE3<XBSP>,2024-10-09,2024-10-17,18.24171505,18.56900703,short,-252371.90015018173,-1.794195222888334,Above VWAP (Short)
SEQL3<XBSP>,2024-10-16,2024-10-17,2.875796783,3.045515938,short,-1023380.1981809698,-5.901639364898028,Stop Loss (Short)
SEQL3<XBSP>,2024-10-17,2024-10-18,3.045515938,3.30009467,short,-1162208.173479773,-8.359133138117244,Stop Loss (Short)
VAMO3<XBSP>,2024-10-03,2024-10-21,5.312822665,5.570637283,short,-647406.2795129586,-4.852686307383087,Stop Loss (Short)
PORT3<XBSP>,2024-10-17,2024-10-21,16.38635206,15.44889584,long,-994263.254563339,-5.720957395321574,Stop Loss
ARML3<XBSP>,2024-10-16,2024-10-22,7.757076121,7.266360843,short,877578.0281404704,6.326034066773343,Take Profit (Short)
HYPE3<XBSP>,2024-10-21,2024-10-22,24.76851284,26.6147896,long,1272271.161592763,7.454128440922593,Take Profit
SEQL3<XBSP>,2024-10-22,2024-10-23,4.770994008,4.129832758,long,-2333782.068712497,-13.43873517604299,Stop Loss
IFCM3<XBSP>,2024-10-22,2024-10-23,42.39908706,45.6605553,short,-1068682.03673256,-7.6923077031932685,Stop Loss (Short)
IRBR3<XBSP>,2024-10-23,2024-10-24,47.71,44.22,long,-1236189.4100000001,-7.315028295954727,Stop Loss
SEQL3<XBSP>,2024-10-23,2024-10-25,4.129832758,3.762107923,long,-1203787.6971043497,-8.904109598328677,Stop Loss
HYPE3<XBSP>,2024-10-24,2024-10-25,26.26447042,24.80638519,long,-774340.9488404095,-5.551550085280567,Stop Loss
AXIA3<XBSP>,2024-10-18,2024-10-28,34.65423529,35.20473942,short,-220865.0094766505,-1.5885623370222153,Above VWAP (Short)
USIM5<XBSP>,2024-10-25,2024-10-29,6.64,6.43,long,-514135.01999999955,-3.1626506024096357,Stop Loss
RDOR3<XBSP>,2024-10-25,2024-10-29,28.39536511,29.38023183,short,-451071.9123601597,-3.4684066085600667,Stop Loss (Short)
GOLL54<XBSP>,2024-10-28,2024-10-31,0.014953648,0.014433521,long,-458602.9034715127,-3.4782616255244183,Stop Loss
INTB3<XBSP>,2024-10-29,2024-11-01,19.06865934,17.88409111,short,1012411.3754294105,6.212121203063039,Take Profit (Short)
LWSA3<XBSP>,2024-10-31,2024-11-04,4.02730753,4.289325128,short,-844192.9268906116,-6.506024088008991,Stop Loss (Short)
VLID3<XBSP>,2024-10-16,2024-11-05,20.94833008,23.47266288,long,2611990.256479997,12.05028176642134,Take Profit
AMER3<XBSP>,2024-11-04,2024-11-06,3.58,3.27,short,1169604.58,8.659217877094973,Take Profit (Short)
VVEO3<XBSP>,2024-11-05,2024-11-07,2.73,2.4,long,-1893352.2300000004,-12.087912087912091,Stop Loss
PETZ3<XBSP>,2024-11-06,2024-11-07,5.50154155,4.702172265,long,-2213190.5576702356,-14.529914529137752,Stop Loss
TEND3<XBSP>,2024-11-07,2024-11-11,15.99647164,17.08295122,long,953231.5513496418,6.791995162753291,Take Profit
OIBR3<XBSP>,2024-11-11,2024-11-12,2.5,1.0,short,8535166.5,60.0,Take Profit (Short)
SANB11<XBSP>,2024-10-29,2024-11-14,25.56503746,23.96897269,short,813975.4759875294,6.243154435025806,Take Profit (Short)
OIBR3<XBSP>,2024-11-12,2024-11-18,1.0,1.67,short,-9530936.259999998,-66.99999999999999,Stop Loss (Short)
AMER3<XBSP>,2024-11-14,2024-11-19,9.41,9.1,long,-460809.4200000018,-3.294367693942627,Stop Loss
OIBR3<XBSP>,2024-11-18,2024-11-19,1.67,1.4,short,2269179.629999999,16.167664670658677,Take Profit (Short)
EZTC3<XBSP>,2024-11-01,2024-11-21,13.56148176,13.35852733,long,-204128.11546869017,-1.4965505509775516,Below VWAP
GOLL54<XBSP>,2024-11-19,2024-11-21,0.017554282,0.019894853,long,1785674.1570378076,13.333333713107717,Take Profit
OIBR3<XBSP>,2024-11-19,2024-11-22,1.4,1.46,short,-717458.2800000012,-4.285714285714293,Stop Loss (Short)
GOLL54<XBSP>,2024-11-21,2024-11-22,0.019894853,0.019114663,long,-644581.9593766294,-3.921567050533117,Stop Loss
PORT3<XBSP>,2024-10-21,2024-11-26,15.44889584,15.1810512,short,236732.61015152,1.7337461704318151,Above VWAP (Short)
CASH3<XBSP>,2024-11-21,2024-11-26,3.18,3.42,short,-992413.1999999993,-7.547169811320749,Stop Loss (Short)
PETR3<XBSP>,2024-11-22,2024-11-28,37.55534798,36.26123446,long,-469360.73845528066,-3.4458834483152136,Stop Loss
ZAMP3<XBSP>,2024-11-26,2024-11-28,3.13,2.94,long,-986879.0,-6.070287539936102,Stop Loss
OIBR3<XBSP>,2024-11-26,2024-11-28,1.69,1.59,long,-769587.3999999985,-5.917159763313599,Stop Loss
POSI3<XBSP>,2024-11-28,2024-11-29,4.834774017,4.987652247,short,-586135.8982111476,-3.162055340383025,Stop Loss (Short)
ONCO3<XBSP>,2024-11-28,2024-12-02,2.06915902,2.502238815,short,-3103794.5424868204,-20.93023256375917,Stop Loss (Short)
MYPK3<XBSP>,2024-11-07,2024-12-04,10.92604725,11.75987717,long,1338829.8389188796,7.631578931712929,Take Profit
IFCM3<XBSP>,2024-12-02,2024-12-04,32.61468235,29.35321412,short,1352426.5079976413,9.99999998466949,Take Profit (Short)
ECOR3<XBSP>,2024-11-28,2024-12-09,5.110315306,4.785547604,short,753935.2294849213,6.355140192987546,Take Profit (Short)
SBFG3<XBSP>,2024-12-04,2024-12-09,11.06339844,10.04640219,short,1590355.34483625,9.192439877452339,Take Profit (Short)
BBDC3<XBSP>,2024-11-29,2024-12-11,10.10043775,10.49807907,short,-519589.1647349596,-3.936872142001961,Stop Loss (Short)
JHSF3<XBSP>,2024-12-04,2024-12-11,3.793189939,3.979587479,short,-680125.4799766,-4.914004914004915,Stop Loss (Short)
DXCO3<XBSP>,2024-12-09,2024-12-11,6.57173071,6.769972964,short,-509962.53727693483,-3.016591256521531,Stop Loss (Short)
AMBP3<XBSP>,2024-12-09,2024-12-11,14.0,19.55,short,-5361377.699999999,-39.64285714285714,Stop Loss (Short)
AMBP3<XBSP>,2024-12-11,2024-12-12,19.55,21.796,long,2050737.2519999966,11.48849104859333,Take Profit
TEND3<XBSP>,2024-12-11,2024-12-12,13.5029193,12.62827606,short,924997.3259700406,6.477438104810422,Take Profit (Short)
AMBP3<XBSP>,2024-12-12,2024-12-13,21.796,26.851,long,3705133.0200000014,23.192328867682154,Take Profit
PETR4<XBSP>,2024-11-22,2024-12-18,33.86779988,33.3291506,long,-270791.92063872144,-1.5904466245476196,Below VWAP
PRIO3<XBSP>,2024-12-11,2024-12-18,41.99,39.92,long,-563184.9000000004,-4.929745177423199,Stop Loss
HAPV3<XBSP>,2024-12-18,2024-12-19,31.8,34.35,short,-1351318.950000003,-8.018867924528319,Stop Loss (Short)
VLID3<XBSP>,2024-12-18,2024-12-19,20.79154971,21.9801689,short,-770710.1917495169,-5.716837881633764,Stop Loss (Short)
BPAN4<XBSP>,2024-12-19,2024-12-20,6.268824078,6.664242212,short,-1062957.0965467915,-6.3076923052872536,Stop Loss (Short)
MILS3<XBSP>,2024-12-11,2024-12-23,8.595840902,8.073441732,short,1356036.9742967933,6.077348056528761,Take Profit (Short)
BRKM5<XBSP>,2024-12-13,2024-12-23,12.82,11.81,short,1115616.710000001,7.87831513260531,Take Profit (Short)
AMBP3<XBSP>,2024-12-20,2024-12-23,12.7,14.0,short,-1448985.2000000011,-10.236220472440953,Stop Loss (Short)
IFCM3<XBSP>,2024-12-23,2024-12-26,19.56880941,22.83027765,short,-3575032.319530081,-16.666666692217536,Stop Loss (Short)
IRBR3<XBSP>,2024-12-23,2024-12-26,38.5,42.85,short,-1938873.3000000007,-11.298701298701303,Stop Loss (Short)
BBSE3<XBSP>,2024-12-12,2024-12-30,32.54653259,32.20824806,long,-132839.2606630493,-1.0393873112736345,Below VWAP
RECV3<XBSP>,2024-12-19,2024-12-30,14.76285159,15.24240919,short,-437931.04120479897,-3.2484076472382855,Stop Loss (Short)
VLID3<XBSP>,2024-12-23,2024-12-30,20.95223113,22.71928677,short,-1157792.5258843992,-8.43373495183469,Stop Loss (Short)
ABCB4<XBSP>,2024-12-26,2024-12-30,18.85229464,18.37339169,long,-475150.26648380235,-2.5402899707703823,Below VWAP
IRBR3<XBSP>,2024-12-26,2024-12-30,42.85,42.45,long,-139683.99999999814,-0.9334889148191241,End
AMER3<XBSP>,2024-12-30,2024-12-30,6.2,6.2,short,0.0,0.0,End
VLID3<XBSP>,2024-12-30,2024-12-30,22.71928677,22.71928677,long,0.0,0.0,End
TUPY3<XBSP>,2024-12-30,2024-12-30,22.50772019,22.50772019,long,0.0,0.0,End
DXCO3<XBSP>,2024-12-30,2024-12-30,5.95222496,5.95222496,short,0.0,0.0,End
